{
  "accuracy": 0.9082125603864735,
  "f1_weighted": 0.9085697780671409,
  "classification_report": {
    "0": {
      "precision": 0.9525596354864647,
      "recall": 0.8820317670416943,
      "f1-score": 0.915940036939994,
      "support": 12088
    },
    "1": {
      "precision": 0.8592022116903634,
      "recall": 0.9424888985161919,
      "f1-score": 0.8989205103042198,
      "support": 9233
    },
    "accuracy": 0.9082125603864735,
    "macro avg": {
      "precision": 0.905880923588414,
      "recall": 0.9122603327789431,
      "f1-score": 0.9074302736221069,
      "support": 21321
    },
    "weighted avg": {
      "precision": 0.9121314616714746,
      "recall": 0.9082125603864735,
      "f1-score": 0.9085697780671409,
      "support": 21321
    }
  },
  "confusion_matrix": [
    [
      10662,
      1426
    ],
    [
      531,
      8702
    ]
  ]
}